{
    "_id" : ObjectId("621ff30d2a3e781873fcb661"),
    "name" : "Earth",
    "orderFromSun" : NumberInt(3),
    "hasRings" : false,
    "mainAtmosphere" : [
        "N",
        "O2",
        "Ar"
    ],
    "surfaceTemperatureC" : {
        "min" : -89.2,
        "max" : 56.7,
        "mean" : NumberInt(14)
    }
}
{
    "_id" : ObjectId("621ff30d2a3e781873fcb65d"),
    "name" : "Uranus",
    "orderFromSun" : NumberInt(7),
    "hasRings" : true,
    "mainAtmosphere" : [
        "H2",
        "He",
        "CH4"
    ],
    "surfaceTemperatureC" : {
        "min" : null,
        "max" : null,
        "mean" : -197.2
    }
}
{
    "_id" : ObjectId("621ff30d2a3e781873fcb65c"),
    "name" : "Mercury",
    "orderFromSun" : NumberInt(1),
    "hasRings" : false,
    "mainAtmosphere" : [

    ],
    "surfaceTemperatureC" : {
        "min" : NumberInt(-173),
        "max" : NumberInt(427),
        "mean" : NumberInt(67)
    }
}
{
    "_id" : ObjectId("621ff30d2a3e781873fcb65e"),
    "name" : "Mars",
    "orderFromSun" : NumberInt(4),
    "hasRings" : false,
    "mainAtmosphere" : [
        "CO2",
        "Ar",
        "N"
    ],
    "surfaceTemperatureC" : {
        "min" : NumberInt(-143),
        "max" : NumberInt(35),
        "mean" : NumberInt(-63)
    }
}
{
    "_id" : ObjectId("621ff30d2a3e781873fcb662"),
    "name" : "Venus",
    "orderFromSun" : NumberInt(2),
    "hasRings" : false,
    "mainAtmosphere" : [
        "CO2",
        "N"
    ],
    "surfaceTemperatureC" : {
        "min" : null,
        "max" : null,
        "mean" : NumberInt(464)
    }
}
{
    "_id" : ObjectId("621ff30d2a3e781873fcb65f"),
    "name" : "Neptune",
    "orderFromSun" : NumberInt(8),
    "hasRings" : true,
    "mainAtmosphere" : [
        "H2",
        "He",
        "CH4"
    ],
    "surfaceTemperatureC" : {
        "min" : null,
        "max" : null,
        "mean" : NumberInt(-201)
    }
}
{
    "_id" : ObjectId("621ff30d2a3e781873fcb663"),
    "name" : "Saturn",
    "orderFromSun" : NumberInt(6),
    "hasRings" : true,
    "mainAtmosphere" : [
        "H2",
        "He",
        "CH4"
    ],
    "surfaceTemperatureC" : {
        "min" : null,
        "max" : null,
        "mean" : -139.15
    }
}
{
    "_id" : ObjectId("621ff30d2a3e781873fcb660"),
    "name" : "Jupiter",
    "orderFromSun" : NumberInt(5),
    "hasRings" : true,
    "mainAtmosphere" : [
        "H2",
        "He",
        "CH4"
    ],
    "surfaceTemperatureC" : {
        "min" : null,
        "max" : null,
        "mean" : -145.15
    }
}
