{
    "_id" : ObjectId("659ec692e6dac8a856a71a42"),
    "name" : "ray",
    "day" : ISODate("2014-11-06T00:00:00.000+0000"),
    "txt" : "met dug in the park"
}
{
    "_id" : ObjectId("659ec692e6dac8a856a71a43"),
    "name" : "dug",
    "day" : ISODate("2014-11-09T00:00:00.000+0000"),
    "txt" : "got a treat"
}
{
    "_id" : ObjectId("659ec692e6dac8a856a71a40"),
    "name" : "dug",
    "day" : ISODate("2014-11-04T00:00:00.000+0000"),
    "txt" : "went for a walk"
}
{
    "_id" : ObjectId("659ec692e6dac8a856a71a41"),
    "name" : "dug",
    "day" : ISODate("2014-11-06T00:00:00.000+0000"),
    "txt" : "saw a squirrel"
}
