{
    "_id" : ObjectId("659e073b96be04e81d848d40"),
    "product" : "socks",
    "quantity" : NumberInt(0)
}
{
    "_id" : ObjectId("659e073b96be04e81d848d41"),
    "product" : "socks",
    "quantity" : NumberInt(1)
}
{
    "_id" : ObjectId("659e073b96be04e81d848d42"),
    "product" : "socks",
    "quantity" : NumberInt(2)
}
{
    "_id" : ObjectId("659e073b96be04e81d848d43"),
    "product" : "socks",
    "quantity" : NumberInt(3)
}
{
    "_id" : ObjectId("659e073b96be04e81d848d44"),
    "product" : "socks",
    "quantity" : NumberInt(4)
}
{
    "_id" : ObjectId("659e073b96be04e81d848d45"),
    "product" : "socks",
    "quantity" : NumberInt(5)
}
{
    "_id" : ObjectId("659e073b96be04e81d848d46"),
    "product" : "socks",
    "quantity" : NumberInt(6)
}
{
    "_id" : ObjectId("659e073b96be04e81d848d47"),
    "product" : "socks",
    "quantity" : NumberInt(7)
}
{
    "_id" : ObjectId("659e073b96be04e81d848d48"),
    "product" : "socks",
    "quantity" : NumberInt(8)
}
{
    "_id" : ObjectId("659e073c96be04e81d848d49"),
    "product" : "socks",
    "quantity" : NumberInt(9)
}
{
    "_id" : ObjectId("659e073c96be04e81d848d4a"),
    "product" : "socks",
    "quantity" : NumberInt(10)
}
{
    "_id" : ObjectId("659e073c96be04e81d848d4b"),
    "product" : "socks",
    "quantity" : NumberInt(11)
}
{
    "_id" : ObjectId("659e073c96be04e81d848d4c"),
    "product" : "socks",
    "quantity" : NumberInt(12)
}
{
    "_id" : ObjectId("659e073c96be04e81d848d4d"),
    "product" : "socks",
    "quantity" : NumberInt(13)
}
{
    "_id" : ObjectId("659e073c96be04e81d848d4e"),
    "product" : "socks",
    "quantity" : NumberInt(14)
}
{
    "_id" : ObjectId("659e073c96be04e81d848d4f"),
    "product" : "socks",
    "quantity" : NumberInt(15)
}
{
    "_id" : ObjectId("659e073c96be04e81d848d50"),
    "product" : "socks",
    "quantity" : NumberInt(16)
}
{
    "_id" : ObjectId("659e073c96be04e81d848d51"),
    "product" : "socks",
    "quantity" : NumberInt(17)
}
{
    "_id" : ObjectId("659e073c96be04e81d848d52"),
    "product" : "socks",
    "quantity" : NumberInt(18)
}
{
    "_id" : ObjectId("659e073c96be04e81d848d53"),
    "product" : "socks",
    "quantity" : NumberInt(19)
}
{
    "_id" : ObjectId("659e073c96be04e81d848d54"),
    "product" : "socks",
    "quantity" : NumberInt(20)
}
{
    "_id" : ObjectId("659e073c96be04e81d848d55"),
    "product" : "socks",
    "quantity" : NumberInt(21)
}
{
    "_id" : ObjectId("659e073c96be04e81d848d56"),
    "product" : "socks",
    "quantity" : NumberInt(22)
}
{
    "_id" : ObjectId("659e073c96be04e81d848d57"),
    "product" : "socks",
    "quantity" : NumberInt(23)
}
{
    "_id" : ObjectId("659e073d96be04e81d848d58"),
    "product" : "socks",
    "quantity" : NumberInt(24)
}
{
    "_id" : ObjectId("659e073d96be04e81d848d59"),
    "product" : "socks",
    "quantity" : NumberInt(25)
}
{
    "_id" : ObjectId("659e073d96be04e81d848d5a"),
    "product" : "socks",
    "quantity" : NumberInt(26)
}
{
    "_id" : ObjectId("659e073d96be04e81d848d5b"),
    "product" : "socks",
    "quantity" : NumberInt(27)
}
{
    "_id" : ObjectId("659e073d96be04e81d848d5c"),
    "product" : "socks",
    "quantity" : NumberInt(28)
}
{
    "_id" : ObjectId("659e073d96be04e81d848d5d"),
    "product" : "socks",
    "quantity" : NumberInt(29)
}
{
    "_id" : ObjectId("659e073d96be04e81d848d5e"),
    "product" : "socks",
    "quantity" : NumberInt(30)
}
{
    "_id" : ObjectId("659e073d96be04e81d848d5f"),
    "product" : "socks",
    "quantity" : NumberInt(31)
}
{
    "_id" : ObjectId("659e073d96be04e81d848d60"),
    "product" : "socks",
    "quantity" : NumberInt(32)
}
{
    "_id" : ObjectId("659e073d96be04e81d848d61"),
    "product" : "socks",
    "quantity" : NumberInt(33)
}
{
    "_id" : ObjectId("659e073d96be04e81d848d62"),
    "product" : "socks",
    "quantity" : NumberInt(34)
}
{
    "_id" : ObjectId("659e073d96be04e81d848d63"),
    "product" : "socks",
    "quantity" : NumberInt(35)
}
{
    "_id" : ObjectId("659e073d96be04e81d848d64"),
    "product" : "socks",
    "quantity" : NumberInt(36)
}
{
    "_id" : ObjectId("659e073d96be04e81d848d65"),
    "product" : "socks",
    "quantity" : NumberInt(37)
}
{
    "_id" : ObjectId("659e073d96be04e81d848d66"),
    "product" : "socks",
    "quantity" : NumberInt(38)
}
{
    "_id" : ObjectId("659e073d96be04e81d848d67"),
    "product" : "socks",
    "quantity" : NumberInt(39)
}
{
    "_id" : ObjectId("659e073e96be04e81d848d68"),
    "product" : "socks",
    "quantity" : NumberInt(40)
}
{
    "_id" : ObjectId("659e073e96be04e81d848d69"),
    "product" : "socks",
    "quantity" : NumberInt(41)
}
{
    "_id" : ObjectId("659e073e96be04e81d848d6a"),
    "product" : "socks",
    "quantity" : NumberInt(42)
}
{
    "_id" : ObjectId("659e073e96be04e81d848d6b"),
    "product" : "socks",
    "quantity" : NumberInt(43)
}
{
    "_id" : ObjectId("659e073e96be04e81d848d6c"),
    "product" : "socks",
    "quantity" : NumberInt(44)
}
{
    "_id" : ObjectId("659e073e96be04e81d848d6d"),
    "product" : "socks",
    "quantity" : NumberInt(45)
}
{
    "_id" : ObjectId("659e073e96be04e81d848d6e"),
    "product" : "socks",
    "quantity" : NumberInt(46)
}
{
    "_id" : ObjectId("659e073e96be04e81d848d6f"),
    "product" : "socks",
    "quantity" : NumberInt(47)
}
{
    "_id" : ObjectId("659e073e96be04e81d848d70"),
    "product" : "socks",
    "quantity" : NumberInt(48)
}
{
    "_id" : ObjectId("659e073e96be04e81d848d71"),
    "product" : "socks",
    "quantity" : NumberInt(49)
}
{
    "_id" : ObjectId("659e073e96be04e81d848d72"),
    "product" : "socks",
    "quantity" : NumberInt(50)
}
{
    "_id" : ObjectId("659e073e96be04e81d848d73"),
    "product" : "socks",
    "quantity" : NumberInt(51)
}
{
    "_id" : ObjectId("659e073e96be04e81d848d74"),
    "product" : "socks",
    "quantity" : NumberInt(52)
}
{
    "_id" : ObjectId("659e073e96be04e81d848d75"),
    "product" : "socks",
    "quantity" : NumberInt(53)
}
{
    "_id" : ObjectId("659e073e96be04e81d848d76"),
    "product" : "socks",
    "quantity" : NumberInt(54)
}
{
    "_id" : ObjectId("659e073f96be04e81d848d77"),
    "product" : "socks",
    "quantity" : NumberInt(55)
}
{
    "_id" : ObjectId("659e073f96be04e81d848d78"),
    "product" : "socks",
    "quantity" : NumberInt(56)
}
{
    "_id" : ObjectId("659e073f96be04e81d848d79"),
    "product" : "socks",
    "quantity" : NumberInt(57)
}
{
    "_id" : ObjectId("659e073f96be04e81d848d7a"),
    "product" : "socks",
    "quantity" : NumberInt(58)
}
{
    "_id" : ObjectId("659e073f96be04e81d848d7b"),
    "product" : "socks",
    "quantity" : NumberInt(59)
}
{
    "_id" : ObjectId("659e073f96be04e81d848d7c"),
    "product" : "socks",
    "quantity" : NumberInt(60)
}
{
    "_id" : ObjectId("659e073f96be04e81d848d7d"),
    "product" : "socks",
    "quantity" : NumberInt(61)
}
{
    "_id" : ObjectId("659e073f96be04e81d848d7e"),
    "product" : "socks",
    "quantity" : NumberInt(62)
}
{
    "_id" : ObjectId("659e073f96be04e81d848d7f"),
    "product" : "socks",
    "quantity" : NumberInt(63)
}
{
    "_id" : ObjectId("659e073f96be04e81d848d80"),
    "product" : "socks",
    "quantity" : NumberInt(64)
}
{
    "_id" : ObjectId("659e073f96be04e81d848d81"),
    "product" : "socks",
    "quantity" : NumberInt(65)
}
{
    "_id" : ObjectId("659e073f96be04e81d848d82"),
    "product" : "socks",
    "quantity" : NumberInt(66)
}
{
    "_id" : ObjectId("659e073f96be04e81d848d83"),
    "product" : "socks",
    "quantity" : NumberInt(67)
}
{
    "_id" : ObjectId("659e073f96be04e81d848d84"),
    "product" : "socks",
    "quantity" : NumberInt(68)
}
{
    "_id" : ObjectId("659e073f96be04e81d848d85"),
    "product" : "socks",
    "quantity" : NumberInt(69)
}
{
    "_id" : ObjectId("659e074096be04e81d848d86"),
    "product" : "socks",
    "quantity" : NumberInt(70)
}
{
    "_id" : ObjectId("659e074096be04e81d848d87"),
    "product" : "socks",
    "quantity" : NumberInt(71)
}
{
    "_id" : ObjectId("659e074096be04e81d848d88"),
    "product" : "socks",
    "quantity" : NumberInt(72)
}
{
    "_id" : ObjectId("659e074096be04e81d848d89"),
    "product" : "socks",
    "quantity" : NumberInt(73)
}
{
    "_id" : ObjectId("659e074096be04e81d848d8a"),
    "product" : "socks",
    "quantity" : NumberInt(74)
}
{
    "_id" : ObjectId("659e074096be04e81d848d8b"),
    "product" : "socks",
    "quantity" : NumberInt(75)
}
{
    "_id" : ObjectId("659e074096be04e81d848d8c"),
    "product" : "socks",
    "quantity" : NumberInt(76)
}
{
    "_id" : ObjectId("659e074096be04e81d848d8d"),
    "product" : "socks",
    "quantity" : NumberInt(77)
}
{
    "_id" : ObjectId("659e074096be04e81d848d8e"),
    "product" : "socks",
    "quantity" : NumberInt(78)
}
{
    "_id" : ObjectId("659e074096be04e81d848d8f"),
    "product" : "socks",
    "quantity" : NumberInt(79)
}
{
    "_id" : ObjectId("659e074096be04e81d848d90"),
    "product" : "socks",
    "quantity" : NumberInt(80)
}
{
    "_id" : ObjectId("659e074096be04e81d848d91"),
    "product" : "socks",
    "quantity" : NumberInt(81)
}
{
    "_id" : ObjectId("659e074096be04e81d848d92"),
    "product" : "socks",
    "quantity" : NumberInt(82)
}
{
    "_id" : ObjectId("659e074096be04e81d848d93"),
    "product" : "socks",
    "quantity" : NumberInt(83)
}
{
    "_id" : ObjectId("659e074096be04e81d848d94"),
    "product" : "socks",
    "quantity" : NumberInt(84)
}
{
    "_id" : ObjectId("659e074196be04e81d848d95"),
    "product" : "socks",
    "quantity" : NumberInt(85)
}
{
    "_id" : ObjectId("659e074196be04e81d848d96"),
    "product" : "socks",
    "quantity" : NumberInt(86)
}
{
    "_id" : ObjectId("659e074196be04e81d848d97"),
    "product" : "socks",
    "quantity" : NumberInt(87)
}
{
    "_id" : ObjectId("659e074196be04e81d848d98"),
    "product" : "socks",
    "quantity" : NumberInt(88)
}
{
    "_id" : ObjectId("659e074196be04e81d848d99"),
    "product" : "socks",
    "quantity" : NumberInt(89)
}
{
    "_id" : ObjectId("659e074196be04e81d848d9a"),
    "product" : "socks",
    "quantity" : NumberInt(90)
}
{
    "_id" : ObjectId("659e074196be04e81d848d9b"),
    "product" : "socks",
    "quantity" : NumberInt(91)
}
{
    "_id" : ObjectId("659e074196be04e81d848d9c"),
    "product" : "socks",
    "quantity" : NumberInt(92)
}
{
    "_id" : ObjectId("659e074196be04e81d848d9d"),
    "product" : "socks",
    "quantity" : NumberInt(93)
}
{
    "_id" : ObjectId("659e074196be04e81d848d9e"),
    "product" : "socks",
    "quantity" : NumberInt(94)
}
{
    "_id" : ObjectId("659e074196be04e81d848d9f"),
    "product" : "socks",
    "quantity" : NumberInt(95)
}
{
    "_id" : ObjectId("659e074196be04e81d848da0"),
    "product" : "socks",
    "quantity" : NumberInt(96)
}
{
    "_id" : ObjectId("659e074196be04e81d848da1"),
    "product" : "socks",
    "quantity" : NumberInt(97)
}
{
    "_id" : ObjectId("659e074196be04e81d848da2"),
    "product" : "socks",
    "quantity" : NumberInt(98)
}
{
    "_id" : ObjectId("659e074196be04e81d848da3"),
    "product" : "socks",
    "quantity" : NumberInt(99)
}
{
    "_id" : ObjectId("659e07d496be04e81d848da6"),
    "product" : "socks",
    "quantity" : NumberInt(2)
}
{
    "_id" : ObjectId("659e07d496be04e81d848da5"),
    "product" : "socks",
    "quantity" : NumberInt(1)
}
{
    "_id" : ObjectId("659e07d496be04e81d848daf"),
    "product" : "socks",
    "quantity" : NumberInt(11)
}
{
    "_id" : ObjectId("659e07d496be04e81d848da4"),
    "product" : "socks",
    "quantity" : NumberInt(0)
}
{
    "_id" : ObjectId("659e07d496be04e81d848dae"),
    "product" : "socks",
    "quantity" : NumberInt(10)
}
{
    "_id" : ObjectId("659e07d496be04e81d848dca"),
    "product" : "socks",
    "quantity" : NumberInt(38)
}
{
    "_id" : ObjectId("659e07d496be04e81d848dd8"),
    "product" : "socks",
    "quantity" : NumberInt(52)
}
{
    "_id" : ObjectId("659e07d496be04e81d848de5"),
    "product" : "socks",
    "quantity" : NumberInt(65)
}
{
    "_id" : ObjectId("659e07d496be04e81d848deb"),
    "product" : "socks",
    "quantity" : NumberInt(71)
}
{
    "_id" : ObjectId("659e07d496be04e81d848dee"),
    "product" : "socks",
    "quantity" : NumberInt(74)
}
{
    "_id" : ObjectId("659e07d496be04e81d848df2"),
    "product" : "socks",
    "quantity" : NumberInt(78)
}
{
    "_id" : ObjectId("659e07d496be04e81d848da9"),
    "product" : "socks",
    "quantity" : NumberInt(5)
}
{
    "_id" : ObjectId("659e07d496be04e81d848dad"),
    "product" : "socks",
    "quantity" : NumberInt(9)
}
{
    "_id" : ObjectId("659e07d496be04e81d848db4"),
    "product" : "socks",
    "quantity" : NumberInt(16)
}
{
    "_id" : ObjectId("659e07d496be04e81d848dba"),
    "product" : "socks",
    "quantity" : NumberInt(22)
}
{
    "_id" : ObjectId("659e07d496be04e81d848dde"),
    "product" : "socks",
    "quantity" : NumberInt(58)
}
{
    "_id" : ObjectId("659e07d496be04e81d848ddf"),
    "product" : "socks",
    "quantity" : NumberInt(59)
}
{
    "_id" : ObjectId("659e07d496be04e81d848da8"),
    "product" : "socks",
    "quantity" : NumberInt(4)
}
{
    "_id" : ObjectId("659e07d496be04e81d848de8"),
    "product" : "socks",
    "quantity" : NumberInt(68)
}
{
    "_id" : ObjectId("659e07d496be04e81d848de9"),
    "product" : "socks",
    "quantity" : NumberInt(69)
}
{
    "_id" : ObjectId("659e07d496be04e81d848dea"),
    "product" : "socks",
    "quantity" : NumberInt(70)
}
{
    "_id" : ObjectId("659e07d496be04e81d848df7"),
    "product" : "socks",
    "quantity" : NumberInt(83)
}
{
    "_id" : ObjectId("659e07d496be04e81d848dc5"),
    "product" : "socks",
    "quantity" : NumberInt(33)
}
{
    "_id" : ObjectId("659e07d496be04e81d848dd6"),
    "product" : "socks",
    "quantity" : NumberInt(50)
}
{
    "_id" : ObjectId("659e07d496be04e81d848dd9"),
    "product" : "socks",
    "quantity" : NumberInt(53)
}
{
    "_id" : ObjectId("659e07d496be04e81d848df8"),
    "product" : "socks",
    "quantity" : NumberInt(84)
}
{
    "_id" : ObjectId("659e07d496be04e81d848dff"),
    "product" : "socks",
    "quantity" : NumberInt(91)
}
{
    "_id" : ObjectId("659e07d496be04e81d848e04"),
    "product" : "socks",
    "quantity" : NumberInt(96)
}
{
    "_id" : ObjectId("659e07d496be04e81d848dab"),
    "product" : "socks",
    "quantity" : NumberInt(7)
}
{
    "_id" : ObjectId("659e07d496be04e81d848db5"),
    "product" : "socks",
    "quantity" : NumberInt(17)
}
{
    "_id" : ObjectId("659e07d496be04e81d848dac"),
    "product" : "socks",
    "quantity" : NumberInt(8)
}
{
    "_id" : ObjectId("659e07d496be04e81d848db3"),
    "product" : "socks",
    "quantity" : NumberInt(15)
}
{
    "_id" : ObjectId("659e07d496be04e81d848dc4"),
    "product" : "socks",
    "quantity" : NumberInt(32)
}
{
    "_id" : ObjectId("659e07d496be04e81d848dd3"),
    "product" : "socks",
    "quantity" : NumberInt(47)
}
{
    "_id" : ObjectId("659e07d496be04e81d848e02"),
    "product" : "socks",
    "quantity" : NumberInt(94)
}
{
    "_id" : ObjectId("659e07d496be04e81d848db0"),
    "product" : "socks",
    "quantity" : NumberInt(12)
}
{
    "_id" : ObjectId("659e07d496be04e81d848e03"),
    "product" : "socks",
    "quantity" : NumberInt(95)
}
{
    "_id" : ObjectId("659e07d496be04e81d848db2"),
    "product" : "socks",
    "quantity" : NumberInt(14)
}
{
    "_id" : ObjectId("659e07d496be04e81d848db9"),
    "product" : "socks",
    "quantity" : NumberInt(21)
}
{
    "_id" : ObjectId("659e07d496be04e81d848dcc"),
    "product" : "socks",
    "quantity" : NumberInt(40)
}
{
    "_id" : ObjectId("659e07d496be04e81d848dcf"),
    "product" : "socks",
    "quantity" : NumberInt(43)
}
{
    "_id" : ObjectId("659e07d496be04e81d848ded"),
    "product" : "socks",
    "quantity" : NumberInt(73)
}
{
    "_id" : ObjectId("659e07d496be04e81d848df5"),
    "product" : "socks",
    "quantity" : NumberInt(81)
}
{
    "_id" : ObjectId("659e07d496be04e81d848dfe"),
    "product" : "socks",
    "quantity" : NumberInt(90)
}
{
    "_id" : ObjectId("659e07d496be04e81d848dc1"),
    "product" : "socks",
    "quantity" : NumberInt(29)
}
{
    "_id" : ObjectId("659e07d496be04e81d848dc7"),
    "product" : "socks",
    "quantity" : NumberInt(35)
}
{
    "_id" : ObjectId("659e07d496be04e81d848dcd"),
    "product" : "socks",
    "quantity" : NumberInt(41)
}
{
    "_id" : ObjectId("659e07d496be04e81d848de1"),
    "product" : "socks",
    "quantity" : NumberInt(61)
}
{
    "_id" : ObjectId("659e07d496be04e81d848de3"),
    "product" : "socks",
    "quantity" : NumberInt(63)
}
{
    "_id" : ObjectId("659e07d496be04e81d848db6"),
    "product" : "socks",
    "quantity" : NumberInt(18)
}
{
    "_id" : ObjectId("659e07d496be04e81d848db1"),
    "product" : "socks",
    "quantity" : NumberInt(13)
}
{
    "_id" : ObjectId("659e07d496be04e81d848db7"),
    "product" : "socks",
    "quantity" : NumberInt(19)
}
{
    "_id" : ObjectId("659e07d496be04e81d848dbe"),
    "product" : "socks",
    "quantity" : NumberInt(26)
}
{
    "_id" : ObjectId("659e07d496be04e81d848dc0"),
    "product" : "socks",
    "quantity" : NumberInt(28)
}
{
    "_id" : ObjectId("659e07d496be04e81d848dc3"),
    "product" : "socks",
    "quantity" : NumberInt(31)
}
{
    "_id" : ObjectId("659e07d496be04e81d848dcb"),
    "product" : "socks",
    "quantity" : NumberInt(39)
}
{
    "_id" : ObjectId("659e07d496be04e81d848df3"),
    "product" : "socks",
    "quantity" : NumberInt(79)
}
{
    "_id" : ObjectId("659e07d496be04e81d848dc2"),
    "product" : "socks",
    "quantity" : NumberInt(30)
}
{
    "_id" : ObjectId("659e07d496be04e81d848dd4"),
    "product" : "socks",
    "quantity" : NumberInt(48)
}
{
    "_id" : ObjectId("659e07d496be04e81d848dbb"),
    "product" : "socks",
    "quantity" : NumberInt(23)
}
{
    "_id" : ObjectId("659e07d496be04e81d848de2"),
    "product" : "socks",
    "quantity" : NumberInt(62)
}
{
    "_id" : ObjectId("659e07d496be04e81d848de7"),
    "product" : "socks",
    "quantity" : NumberInt(67)
}
{
    "_id" : ObjectId("659e07d496be04e81d848dec"),
    "product" : "socks",
    "quantity" : NumberInt(72)
}
{
    "_id" : ObjectId("659e07d496be04e81d848dfb"),
    "product" : "socks",
    "quantity" : NumberInt(87)
}
{
    "_id" : ObjectId("659e07d496be04e81d848e07"),
    "product" : "socks",
    "quantity" : NumberInt(99)
}
{
    "_id" : ObjectId("659e07d496be04e81d848dc8"),
    "product" : "socks",
    "quantity" : NumberInt(36)
}
{
    "_id" : ObjectId("659e07d496be04e81d848dd2"),
    "product" : "socks",
    "quantity" : NumberInt(46)
}
{
    "_id" : ObjectId("659e07d496be04e81d848dd5"),
    "product" : "socks",
    "quantity" : NumberInt(49)
}
{
    "_id" : ObjectId("659e07d496be04e81d848de0"),
    "product" : "socks",
    "quantity" : NumberInt(60)
}
{
    "_id" : ObjectId("659e07d496be04e81d848df1"),
    "product" : "socks",
    "quantity" : NumberInt(77)
}
{
    "_id" : ObjectId("659e07d496be04e81d848e05"),
    "product" : "socks",
    "quantity" : NumberInt(97)
}
{
    "_id" : ObjectId("659e07d496be04e81d848e06"),
    "product" : "socks",
    "quantity" : NumberInt(98)
}
{
    "_id" : ObjectId("659e07d496be04e81d848de4"),
    "product" : "socks",
    "quantity" : NumberInt(64)
}
{
    "_id" : ObjectId("659e07d496be04e81d848def"),
    "product" : "socks",
    "quantity" : NumberInt(75)
}
{
    "_id" : ObjectId("659e07d496be04e81d848df4"),
    "product" : "socks",
    "quantity" : NumberInt(80)
}
{
    "_id" : ObjectId("659e07d496be04e81d848e01"),
    "product" : "socks",
    "quantity" : NumberInt(93)
}
{
    "_id" : ObjectId("659e07d496be04e81d848da7"),
    "product" : "socks",
    "quantity" : NumberInt(3)
}
{
    "_id" : ObjectId("659e07d496be04e81d848dbc"),
    "product" : "socks",
    "quantity" : NumberInt(24)
}
{
    "_id" : ObjectId("659e07d496be04e81d848dce"),
    "product" : "socks",
    "quantity" : NumberInt(42)
}
{
    "_id" : ObjectId("659e07d496be04e81d848dbd"),
    "product" : "socks",
    "quantity" : NumberInt(25)
}
{
    "_id" : ObjectId("659e07d496be04e81d848daa"),
    "product" : "socks",
    "quantity" : NumberInt(6)
}
{
    "_id" : ObjectId("659e07d496be04e81d848dbf"),
    "product" : "socks",
    "quantity" : NumberInt(27)
}
{
    "_id" : ObjectId("659e07d496be04e81d848dc6"),
    "product" : "socks",
    "quantity" : NumberInt(34)
}
{
    "_id" : ObjectId("659e07d496be04e81d848dda"),
    "product" : "socks",
    "quantity" : NumberInt(54)
}
{
    "_id" : ObjectId("659e07d496be04e81d848dfc"),
    "product" : "socks",
    "quantity" : NumberInt(88)
}
{
    "_id" : ObjectId("659e07d496be04e81d848dfd"),
    "product" : "socks",
    "quantity" : NumberInt(89)
}
{
    "_id" : ObjectId("659e07d496be04e81d848db8"),
    "product" : "socks",
    "quantity" : NumberInt(20)
}
{
    "_id" : ObjectId("659e07d496be04e81d848dd0"),
    "product" : "socks",
    "quantity" : NumberInt(44)
}
{
    "_id" : ObjectId("659e07d496be04e81d848dd1"),
    "product" : "socks",
    "quantity" : NumberInt(45)
}
{
    "_id" : ObjectId("659e07d496be04e81d848ddc"),
    "product" : "socks",
    "quantity" : NumberInt(56)
}
{
    "_id" : ObjectId("659e07d496be04e81d848ddd"),
    "product" : "socks",
    "quantity" : NumberInt(57)
}
{
    "_id" : ObjectId("659e07d496be04e81d848de6"),
    "product" : "socks",
    "quantity" : NumberInt(66)
}
{
    "_id" : ObjectId("659e07d496be04e81d848df6"),
    "product" : "socks",
    "quantity" : NumberInt(82)
}
{
    "_id" : ObjectId("659e07d496be04e81d848dfa"),
    "product" : "socks",
    "quantity" : NumberInt(86)
}
{
    "_id" : ObjectId("659e07d496be04e81d848dc9"),
    "product" : "socks",
    "quantity" : NumberInt(37)
}
{
    "_id" : ObjectId("659e07d496be04e81d848dd7"),
    "product" : "socks",
    "quantity" : NumberInt(51)
}
{
    "_id" : ObjectId("659e07d496be04e81d848ddb"),
    "product" : "socks",
    "quantity" : NumberInt(55)
}
{
    "_id" : ObjectId("659e07d496be04e81d848df0"),
    "product" : "socks",
    "quantity" : NumberInt(76)
}
{
    "_id" : ObjectId("659e07d496be04e81d848df9"),
    "product" : "socks",
    "quantity" : NumberInt(85)
}
{
    "_id" : ObjectId("659e07d496be04e81d848e00"),
    "product" : "socks",
    "quantity" : NumberInt(92)
}
{
    "_id" : ObjectId("659e07e996be04e81d848e0e"),
    "product" : "socks",
    "quantity" : NumberInt(6)
}
{
    "_id" : ObjectId("659e07e996be04e81d848e12"),
    "product" : "socks",
    "quantity" : NumberInt(10)
}
{
    "_id" : ObjectId("659e07e996be04e81d848e09"),
    "product" : "socks",
    "quantity" : NumberInt(1)
}
{
    "_id" : ObjectId("659e07e996be04e81d848e1c"),
    "product" : "socks",
    "quantity" : NumberInt(20)
}
{
    "_id" : ObjectId("659e07e996be04e81d848e1d"),
    "product" : "socks",
    "quantity" : NumberInt(21)
}
{
    "_id" : ObjectId("659e07e996be04e81d848e2b"),
    "product" : "socks",
    "quantity" : NumberInt(35)
}
{
    "_id" : ObjectId("659e07e996be04e81d848e37"),
    "product" : "socks",
    "quantity" : NumberInt(47)
}
{
    "_id" : ObjectId("659e07e996be04e81d848e3e"),
    "product" : "socks",
    "quantity" : NumberInt(54)
}
{
    "_id" : ObjectId("659e07e996be04e81d848e10"),
    "product" : "socks",
    "quantity" : NumberInt(8)
}
{
    "_id" : ObjectId("659e07e996be04e81d848e4a"),
    "product" : "socks",
    "quantity" : NumberInt(66)
}
{
    "_id" : ObjectId("659e07e996be04e81d848e4c"),
    "product" : "socks",
    "quantity" : NumberInt(68)
}
{
    "_id" : ObjectId("659e07e996be04e81d848e54"),
    "product" : "socks",
    "quantity" : NumberInt(76)
}
{
    "_id" : ObjectId("659e07e996be04e81d848e57"),
    "product" : "socks",
    "quantity" : NumberInt(79)
}
{
    "_id" : ObjectId("659e07e996be04e81d848e5a"),
    "product" : "socks",
    "quantity" : NumberInt(82)
}
{
    "_id" : ObjectId("659e07e996be04e81d848e62"),
    "product" : "socks",
    "quantity" : NumberInt(90)
}
{
    "_id" : ObjectId("659e07e996be04e81d848e08"),
    "product" : "socks",
    "quantity" : NumberInt(0)
}
{
    "_id" : ObjectId("659e07e996be04e81d848e22"),
    "product" : "socks",
    "quantity" : NumberInt(26)
}
{
    "_id" : ObjectId("659e07e996be04e81d848e29"),
    "product" : "socks",
    "quantity" : NumberInt(33)
}
{
    "_id" : ObjectId("659e07e996be04e81d848e0d"),
    "product" : "socks",
    "quantity" : NumberInt(5)
}
{
    "_id" : ObjectId("659e07e996be04e81d848e15"),
    "product" : "socks",
    "quantity" : NumberInt(13)
}
{
    "_id" : ObjectId("659e07e996be04e81d848e2a"),
    "product" : "socks",
    "quantity" : NumberInt(34)
}
{
    "_id" : ObjectId("659e07e996be04e81d848e1f"),
    "product" : "socks",
    "quantity" : NumberInt(23)
}
{
    "_id" : ObjectId("659e07e996be04e81d848e2f"),
    "product" : "socks",
    "quantity" : NumberInt(39)
}
{
    "_id" : ObjectId("659e07e996be04e81d848e30"),
    "product" : "socks",
    "quantity" : NumberInt(40)
}
{
    "_id" : ObjectId("659e07e996be04e81d848e0a"),
    "product" : "socks",
    "quantity" : NumberInt(2)
}
{
    "_id" : ObjectId("659e07e996be04e81d848e13"),
    "product" : "socks",
    "quantity" : NumberInt(11)
}
{
    "_id" : ObjectId("659e07e996be04e81d848e17"),
    "product" : "socks",
    "quantity" : NumberInt(15)
}
{
    "_id" : ObjectId("659e07e996be04e81d848e33"),
    "product" : "socks",
    "quantity" : NumberInt(43)
}
{
    "_id" : ObjectId("659e07e996be04e81d848e4b"),
    "product" : "socks",
    "quantity" : NumberInt(67)
}
{
    "_id" : ObjectId("659e07e996be04e81d848e4f"),
    "product" : "socks",
    "quantity" : NumberInt(71)
}
{
    "_id" : ObjectId("659e07e996be04e81d848e51"),
    "product" : "socks",
    "quantity" : NumberInt(73)
}
{
    "_id" : ObjectId("659e07e996be04e81d848e64"),
    "product" : "socks",
    "quantity" : NumberInt(92)
}
{
    "_id" : ObjectId("659e07e996be04e81d848e66"),
    "product" : "socks",
    "quantity" : NumberInt(94)
}
{
    "_id" : ObjectId("659e07e996be04e81d848e0b"),
    "product" : "socks",
    "quantity" : NumberInt(3)
}
{
    "_id" : ObjectId("659e07e996be04e81d848e18"),
    "product" : "socks",
    "quantity" : NumberInt(16)
}
{
    "_id" : ObjectId("659e07e996be04e81d848e32"),
    "product" : "socks",
    "quantity" : NumberInt(42)
}
{
    "_id" : ObjectId("659e07e996be04e81d848e3c"),
    "product" : "socks",
    "quantity" : NumberInt(52)
}
{
    "_id" : ObjectId("659e07e996be04e81d848e42"),
    "product" : "socks",
    "quantity" : NumberInt(58)
}
{
    "_id" : ObjectId("659e07e996be04e81d848e4d"),
    "product" : "socks",
    "quantity" : NumberInt(69)
}
{
    "_id" : ObjectId("659e07e996be04e81d848e65"),
    "product" : "socks",
    "quantity" : NumberInt(93)
}
{
    "_id" : ObjectId("659e07e996be04e81d848e24"),
    "product" : "socks",
    "quantity" : NumberInt(28)
}
{
    "_id" : ObjectId("659e07e996be04e81d848e34"),
    "product" : "socks",
    "quantity" : NumberInt(44)
}
{
    "_id" : ObjectId("659e07e996be04e81d848e39"),
    "product" : "socks",
    "quantity" : NumberInt(49)
}
{
    "_id" : ObjectId("659e07e996be04e81d848e56"),
    "product" : "socks",
    "quantity" : NumberInt(78)
}
{
    "_id" : ObjectId("659e07e996be04e81d848e5e"),
    "product" : "socks",
    "quantity" : NumberInt(86)
}
{
    "_id" : ObjectId("659e07e996be04e81d848e63"),
    "product" : "socks",
    "quantity" : NumberInt(91)
}
{
    "_id" : ObjectId("659e07e996be04e81d848e67"),
    "product" : "socks",
    "quantity" : NumberInt(95)
}
{
    "_id" : ObjectId("659e07e996be04e81d848e46"),
    "product" : "socks",
    "quantity" : NumberInt(62)
}
{
    "_id" : ObjectId("659e07e996be04e81d848e5c"),
    "product" : "socks",
    "quantity" : NumberInt(84)
}
{
    "_id" : ObjectId("659e07e996be04e81d848e0c"),
    "product" : "socks",
    "quantity" : NumberInt(4)
}
{
    "_id" : ObjectId("659e07e996be04e81d848e14"),
    "product" : "socks",
    "quantity" : NumberInt(12)
}
{
    "_id" : ObjectId("659e07e996be04e81d848e19"),
    "product" : "socks",
    "quantity" : NumberInt(17)
}
{
    "_id" : ObjectId("659e07e996be04e81d848e20"),
    "product" : "socks",
    "quantity" : NumberInt(24)
}
{
    "_id" : ObjectId("659e07e996be04e81d848e26"),
    "product" : "socks",
    "quantity" : NumberInt(30)
}
{
    "_id" : ObjectId("659e07e996be04e81d848e27"),
    "product" : "socks",
    "quantity" : NumberInt(31)
}
{
    "_id" : ObjectId("659e07e996be04e81d848e2d"),
    "product" : "socks",
    "quantity" : NumberInt(37)
}
{
    "_id" : ObjectId("659e07e996be04e81d848e35"),
    "product" : "socks",
    "quantity" : NumberInt(45)
}
{
    "_id" : ObjectId("659e07e996be04e81d848e61"),
    "product" : "socks",
    "quantity" : NumberInt(89)
}
{
    "_id" : ObjectId("659e07e996be04e81d848e5b"),
    "product" : "socks",
    "quantity" : NumberInt(83)
}
{
    "_id" : ObjectId("659e07e996be04e81d848e5d"),
    "product" : "socks",
    "quantity" : NumberInt(85)
}
{
    "_id" : ObjectId("659e07e996be04e81d848e2e"),
    "product" : "socks",
    "quantity" : NumberInt(38)
}
{
    "_id" : ObjectId("659e07e996be04e81d848e40"),
    "product" : "socks",
    "quantity" : NumberInt(56)
}
{
    "_id" : ObjectId("659e07e996be04e81d848e4e"),
    "product" : "socks",
    "quantity" : NumberInt(70)
}
{
    "_id" : ObjectId("659e07e996be04e81d848e50"),
    "product" : "socks",
    "quantity" : NumberInt(72)
}
{
    "_id" : ObjectId("659e07e996be04e81d848e6a"),
    "product" : "socks",
    "quantity" : NumberInt(98)
}
{
    "_id" : ObjectId("659e07e996be04e81d848e16"),
    "product" : "socks",
    "quantity" : NumberInt(14)
}
{
    "_id" : ObjectId("659e07e996be04e81d848e1a"),
    "product" : "socks",
    "quantity" : NumberInt(18)
}
{
    "_id" : ObjectId("659e07e996be04e81d848e1e"),
    "product" : "socks",
    "quantity" : NumberInt(22)
}
{
    "_id" : ObjectId("659e07e996be04e81d848e2c"),
    "product" : "socks",
    "quantity" : NumberInt(36)
}
{
    "_id" : ObjectId("659e07e996be04e81d848e44"),
    "product" : "socks",
    "quantity" : NumberInt(60)
}
{
    "_id" : ObjectId("659e07e996be04e81d848e47"),
    "product" : "socks",
    "quantity" : NumberInt(63)
}
{
    "_id" : ObjectId("659e07e996be04e81d848e52"),
    "product" : "socks",
    "quantity" : NumberInt(74)
}
{
    "_id" : ObjectId("659e07e996be04e81d848e53"),
    "product" : "socks",
    "quantity" : NumberInt(75)
}
{
    "_id" : ObjectId("659e07e996be04e81d848e55"),
    "product" : "socks",
    "quantity" : NumberInt(77)
}
{
    "_id" : ObjectId("659e07e996be04e81d848e58"),
    "product" : "socks",
    "quantity" : NumberInt(80)
}
{
    "_id" : ObjectId("659e07e996be04e81d848e59"),
    "product" : "socks",
    "quantity" : NumberInt(81)
}
{
    "_id" : ObjectId("659e07e996be04e81d848e21"),
    "product" : "socks",
    "quantity" : NumberInt(25)
}
{
    "_id" : ObjectId("659e07e996be04e81d848e23"),
    "product" : "socks",
    "quantity" : NumberInt(27)
}
{
    "_id" : ObjectId("659e07e996be04e81d848e25"),
    "product" : "socks",
    "quantity" : NumberInt(29)
}
{
    "_id" : ObjectId("659e07e996be04e81d848e28"),
    "product" : "socks",
    "quantity" : NumberInt(32)
}
{
    "_id" : ObjectId("659e07e996be04e81d848e3d"),
    "product" : "socks",
    "quantity" : NumberInt(53)
}
{
    "_id" : ObjectId("659e07e996be04e81d848e3f"),
    "product" : "socks",
    "quantity" : NumberInt(55)
}
{
    "_id" : ObjectId("659e07e996be04e81d848e45"),
    "product" : "socks",
    "quantity" : NumberInt(61)
}
{
    "_id" : ObjectId("659e07e996be04e81d848e48"),
    "product" : "socks",
    "quantity" : NumberInt(64)
}
{
    "_id" : ObjectId("659e07e996be04e81d848e69"),
    "product" : "socks",
    "quantity" : NumberInt(97)
}
{
    "_id" : ObjectId("659e07e996be04e81d848e38"),
    "product" : "socks",
    "quantity" : NumberInt(48)
}
{
    "_id" : ObjectId("659e07e996be04e81d848e0f"),
    "product" : "socks",
    "quantity" : NumberInt(7)
}
{
    "_id" : ObjectId("659e07e996be04e81d848e11"),
    "product" : "socks",
    "quantity" : NumberInt(9)
}
{
    "_id" : ObjectId("659e07e996be04e81d848e36"),
    "product" : "socks",
    "quantity" : NumberInt(46)
}
{
    "_id" : ObjectId("659e07e996be04e81d848e41"),
    "product" : "socks",
    "quantity" : NumberInt(57)
}
{
    "_id" : ObjectId("659e07e996be04e81d848e43"),
    "product" : "socks",
    "quantity" : NumberInt(59)
}
{
    "_id" : ObjectId("659e07e996be04e81d848e5f"),
    "product" : "socks",
    "quantity" : NumberInt(87)
}
{
    "_id" : ObjectId("659e07e996be04e81d848e68"),
    "product" : "socks",
    "quantity" : NumberInt(96)
}
{
    "_id" : ObjectId("659e07e996be04e81d848e6b"),
    "product" : "socks",
    "quantity" : NumberInt(99)
}
{
    "_id" : ObjectId("659e07e996be04e81d848e1b"),
    "product" : "socks",
    "quantity" : NumberInt(19)
}
{
    "_id" : ObjectId("659e07e996be04e81d848e31"),
    "product" : "socks",
    "quantity" : NumberInt(41)
}
{
    "_id" : ObjectId("659e07e996be04e81d848e3a"),
    "product" : "socks",
    "quantity" : NumberInt(50)
}
{
    "_id" : ObjectId("659e07e996be04e81d848e3b"),
    "product" : "socks",
    "quantity" : NumberInt(51)
}
{
    "_id" : ObjectId("659e07e996be04e81d848e49"),
    "product" : "socks",
    "quantity" : NumberInt(65)
}
{
    "_id" : ObjectId("659e07e996be04e81d848e60"),
    "product" : "socks",
    "quantity" : NumberInt(88)
}
{
    "_id" : ObjectId("659e083f96be04e81d848e6e"),
    "product" : "socks",
    "quantity" : NumberInt(2)
}
{
    "_id" : ObjectId("659e083f96be04e81d848e72"),
    "product" : "socks",
    "quantity" : NumberInt(6)
}
{
    "_id" : ObjectId("659e083f96be04e81d848e6c"),
    "product" : "socks",
    "quantity" : NumberInt(0)
}
{
    "_id" : ObjectId("659e083f96be04e81d848e80"),
    "product" : "socks",
    "quantity" : NumberInt(20)
}
{
    "_id" : ObjectId("659e083f96be04e81d848e71"),
    "product" : "socks",
    "quantity" : NumberInt(5)
}
{
    "_id" : ObjectId("659e083f96be04e81d848e6f"),
    "product" : "socks",
    "quantity" : NumberInt(3)
}
{
    "_id" : ObjectId("659e083f96be04e81d848e7b"),
    "product" : "socks",
    "quantity" : NumberInt(15)
}
{
    "_id" : ObjectId("659e083f96be04e81d848e7c"),
    "product" : "socks",
    "quantity" : NumberInt(16)
}
{
    "_id" : ObjectId("659e083f96be04e81d848e8a"),
    "product" : "socks",
    "quantity" : NumberInt(30)
}
{
    "_id" : ObjectId("659e083f96be04e81d848e9c"),
    "product" : "socks",
    "quantity" : NumberInt(48)
}
{
    "_id" : ObjectId("659e083f96be04e81d848ea3"),
    "product" : "socks",
    "quantity" : NumberInt(55)
}
{
    "_id" : ObjectId("659e083f96be04e81d848e73"),
    "product" : "socks",
    "quantity" : NumberInt(7)
}
{
    "_id" : ObjectId("659e083f96be04e81d848e7d"),
    "product" : "socks",
    "quantity" : NumberInt(17)
}
{
    "_id" : ObjectId("659e083f96be04e81d848e6d"),
    "product" : "socks",
    "quantity" : NumberInt(1)
}
{
    "_id" : ObjectId("659e083f96be04e81d848e78"),
    "product" : "socks",
    "quantity" : NumberInt(12)
}
{
    "_id" : ObjectId("659e083f96be04e81d848e84"),
    "product" : "socks",
    "quantity" : NumberInt(24)
}
{
    "_id" : ObjectId("659e083f96be04e81d848e90"),
    "product" : "socks",
    "quantity" : NumberInt(36)
}
{
    "_id" : ObjectId("659e083f96be04e81d848e95"),
    "product" : "socks",
    "quantity" : NumberInt(41)
}
{
    "_id" : ObjectId("659e083f96be04e81d848e96"),
    "product" : "socks",
    "quantity" : NumberInt(42)
}
{
    "_id" : ObjectId("659e083f96be04e81d848e99"),
    "product" : "socks",
    "quantity" : NumberInt(45)
}
{
    "_id" : ObjectId("659e083f96be04e81d848e9d"),
    "product" : "socks",
    "quantity" : NumberInt(49)
}
{
    "_id" : ObjectId("659e083f96be04e81d848ec4"),
    "product" : "socks",
    "quantity" : NumberInt(88)
}
{
    "_id" : ObjectId("659e083f96be04e81d848ecd"),
    "product" : "socks",
    "quantity" : NumberInt(97)
}
{
    "_id" : ObjectId("659e083f96be04e81d848eb3"),
    "product" : "socks",
    "quantity" : NumberInt(71)
}
{
    "_id" : ObjectId("659e083f96be04e81d848ebf"),
    "product" : "socks",
    "quantity" : NumberInt(83)
}
{
    "_id" : ObjectId("659e083f96be04e81d848e79"),
    "product" : "socks",
    "quantity" : NumberInt(13)
}
{
    "_id" : ObjectId("659e083f96be04e81d848e7a"),
    "product" : "socks",
    "quantity" : NumberInt(14)
}
{
    "_id" : ObjectId("659e083f96be04e81d848e8f"),
    "product" : "socks",
    "quantity" : NumberInt(35)
}
{
    "_id" : ObjectId("659e083f96be04e81d848e98"),
    "product" : "socks",
    "quantity" : NumberInt(44)
}
{
    "_id" : ObjectId("659e083f96be04e81d848eac"),
    "product" : "socks",
    "quantity" : NumberInt(64)
}
{
    "_id" : ObjectId("659e083f96be04e81d848ec6"),
    "product" : "socks",
    "quantity" : NumberInt(90)
}
{
    "_id" : ObjectId("659e083f96be04e81d848ec9"),
    "product" : "socks",
    "quantity" : NumberInt(93)
}
{
    "_id" : ObjectId("659e083f96be04e81d848ecb"),
    "product" : "socks",
    "quantity" : NumberInt(95)
}
{
    "_id" : ObjectId("659e083f96be04e81d848ece"),
    "product" : "socks",
    "quantity" : NumberInt(98)
}
{
    "_id" : ObjectId("659e083f96be04e81d848ecf"),
    "product" : "socks",
    "quantity" : NumberInt(99)
}
{
    "_id" : ObjectId("659e083f96be04e81d848e97"),
    "product" : "socks",
    "quantity" : NumberInt(43)
}
{
    "_id" : ObjectId("659e083f96be04e81d848e83"),
    "product" : "socks",
    "quantity" : NumberInt(23)
}
{
    "_id" : ObjectId("659e083f96be04e81d848e81"),
    "product" : "socks",
    "quantity" : NumberInt(21)
}
{
    "_id" : ObjectId("659e083f96be04e81d848e70"),
    "product" : "socks",
    "quantity" : NumberInt(4)
}
{
    "_id" : ObjectId("659e083f96be04e81d848e82"),
    "product" : "socks",
    "quantity" : NumberInt(22)
}
{
    "_id" : ObjectId("659e083f96be04e81d848e87"),
    "product" : "socks",
    "quantity" : NumberInt(27)
}
{
    "_id" : ObjectId("659e083f96be04e81d848e91"),
    "product" : "socks",
    "quantity" : NumberInt(37)
}
{
    "_id" : ObjectId("659e083f96be04e81d848e9e"),
    "product" : "socks",
    "quantity" : NumberInt(50)
}
{
    "_id" : ObjectId("659e083f96be04e81d848ea4"),
    "product" : "socks",
    "quantity" : NumberInt(56)
}
{
    "_id" : ObjectId("659e083f96be04e81d848ea5"),
    "product" : "socks",
    "quantity" : NumberInt(57)
}
{
    "_id" : ObjectId("659e083f96be04e81d848ea8"),
    "product" : "socks",
    "quantity" : NumberInt(60)
}
{
    "_id" : ObjectId("659e083f96be04e81d848ead"),
    "product" : "socks",
    "quantity" : NumberInt(65)
}
{
    "_id" : ObjectId("659e083f96be04e81d848eb0"),
    "product" : "socks",
    "quantity" : NumberInt(68)
}
{
    "_id" : ObjectId("659e083f96be04e81d848eb2"),
    "product" : "socks",
    "quantity" : NumberInt(70)
}
{
    "_id" : ObjectId("659e083f96be04e81d848eb7"),
    "product" : "socks",
    "quantity" : NumberInt(75)
}
{
    "_id" : ObjectId("659e083f96be04e81d848e94"),
    "product" : "socks",
    "quantity" : NumberInt(40)
}
{
    "_id" : ObjectId("659e083f96be04e81d848e9f"),
    "product" : "socks",
    "quantity" : NumberInt(51)
}
{
    "_id" : ObjectId("659e083f96be04e81d848ea6"),
    "product" : "socks",
    "quantity" : NumberInt(58)
}
{
    "_id" : ObjectId("659e083f96be04e81d848e75"),
    "product" : "socks",
    "quantity" : NumberInt(9)
}
{
    "_id" : ObjectId("659e083f96be04e81d848e8d"),
    "product" : "socks",
    "quantity" : NumberInt(33)
}
{
    "_id" : ObjectId("659e083f96be04e81d848eaf"),
    "product" : "socks",
    "quantity" : NumberInt(67)
}
{
    "_id" : ObjectId("659e083f96be04e81d848ebb"),
    "product" : "socks",
    "quantity" : NumberInt(79)
}
{
    "_id" : ObjectId("659e083f96be04e81d848ebd"),
    "product" : "socks",
    "quantity" : NumberInt(81)
}
{
    "_id" : ObjectId("659e083f96be04e81d848eb9"),
    "product" : "socks",
    "quantity" : NumberInt(77)
}
{
    "_id" : ObjectId("659e083f96be04e81d848eba"),
    "product" : "socks",
    "quantity" : NumberInt(78)
}
{
    "_id" : ObjectId("659e083f96be04e81d848ebe"),
    "product" : "socks",
    "quantity" : NumberInt(82)
}
{
    "_id" : ObjectId("659e083f96be04e81d848ec1"),
    "product" : "socks",
    "quantity" : NumberInt(85)
}
{
    "_id" : ObjectId("659e083f96be04e81d848eca"),
    "product" : "socks",
    "quantity" : NumberInt(94)
}
{
    "_id" : ObjectId("659e083f96be04e81d848ecc"),
    "product" : "socks",
    "quantity" : NumberInt(96)
}
{
    "_id" : ObjectId("659e083f96be04e81d848e8b"),
    "product" : "socks",
    "quantity" : NumberInt(31)
}
{
    "_id" : ObjectId("659e083f96be04e81d848eaa"),
    "product" : "socks",
    "quantity" : NumberInt(62)
}
{
    "_id" : ObjectId("659e083f96be04e81d848eb1"),
    "product" : "socks",
    "quantity" : NumberInt(69)
}
{
    "_id" : ObjectId("659e083f96be04e81d848e9b"),
    "product" : "socks",
    "quantity" : NumberInt(47)
}
{
    "_id" : ObjectId("659e083f96be04e81d848eae"),
    "product" : "socks",
    "quantity" : NumberInt(66)
}
{
    "_id" : ObjectId("659e083f96be04e81d848eb4"),
    "product" : "socks",
    "quantity" : NumberInt(72)
}
{
    "_id" : ObjectId("659e083f96be04e81d848eb6"),
    "product" : "socks",
    "quantity" : NumberInt(74)
}
{
    "_id" : ObjectId("659e083f96be04e81d848ec5"),
    "product" : "socks",
    "quantity" : NumberInt(89)
}
{
    "_id" : ObjectId("659e083f96be04e81d848e74"),
    "product" : "socks",
    "quantity" : NumberInt(8)
}
{
    "_id" : ObjectId("659e083f96be04e81d848e7e"),
    "product" : "socks",
    "quantity" : NumberInt(18)
}
{
    "_id" : ObjectId("659e083f96be04e81d848e8e"),
    "product" : "socks",
    "quantity" : NumberInt(34)
}
{
    "_id" : ObjectId("659e083f96be04e81d848e9a"),
    "product" : "socks",
    "quantity" : NumberInt(46)
}
{
    "_id" : ObjectId("659e083f96be04e81d848ea9"),
    "product" : "socks",
    "quantity" : NumberInt(61)
}
{
    "_id" : ObjectId("659e083f96be04e81d848eb5"),
    "product" : "socks",
    "quantity" : NumberInt(73)
}
{
    "_id" : ObjectId("659e083f96be04e81d848e76"),
    "product" : "socks",
    "quantity" : NumberInt(10)
}
{
    "_id" : ObjectId("659e083f96be04e81d848e85"),
    "product" : "socks",
    "quantity" : NumberInt(25)
}
{
    "_id" : ObjectId("659e083f96be04e81d848e89"),
    "product" : "socks",
    "quantity" : NumberInt(29)
}
{
    "_id" : ObjectId("659e083f96be04e81d848e93"),
    "product" : "socks",
    "quantity" : NumberInt(39)
}
{
    "_id" : ObjectId("659e083f96be04e81d848eab"),
    "product" : "socks",
    "quantity" : NumberInt(63)
}
{
    "_id" : ObjectId("659e083f96be04e81d848eb8"),
    "product" : "socks",
    "quantity" : NumberInt(76)
}
{
    "_id" : ObjectId("659e083f96be04e81d848ec0"),
    "product" : "socks",
    "quantity" : NumberInt(84)
}
{
    "_id" : ObjectId("659e083f96be04e81d848ec2"),
    "product" : "socks",
    "quantity" : NumberInt(86)
}
{
    "_id" : ObjectId("659e083f96be04e81d848e7f"),
    "product" : "socks",
    "quantity" : NumberInt(19)
}
{
    "_id" : ObjectId("659e083f96be04e81d848e92"),
    "product" : "socks",
    "quantity" : NumberInt(38)
}
{
    "_id" : ObjectId("659e083f96be04e81d848ea0"),
    "product" : "socks",
    "quantity" : NumberInt(52)
}
{
    "_id" : ObjectId("659e083f96be04e81d848ea2"),
    "product" : "socks",
    "quantity" : NumberInt(54)
}
{
    "_id" : ObjectId("659e083f96be04e81d848ea7"),
    "product" : "socks",
    "quantity" : NumberInt(59)
}
{
    "_id" : ObjectId("659e083f96be04e81d848ebc"),
    "product" : "socks",
    "quantity" : NumberInt(80)
}
{
    "_id" : ObjectId("659e083f96be04e81d848e77"),
    "product" : "socks",
    "quantity" : NumberInt(11)
}
{
    "_id" : ObjectId("659e083f96be04e81d848e88"),
    "product" : "socks",
    "quantity" : NumberInt(28)
}
{
    "_id" : ObjectId("659e083f96be04e81d848e8c"),
    "product" : "socks",
    "quantity" : NumberInt(32)
}
{
    "_id" : ObjectId("659e083f96be04e81d848ea1"),
    "product" : "socks",
    "quantity" : NumberInt(53)
}
{
    "_id" : ObjectId("659e083f96be04e81d848ec3"),
    "product" : "socks",
    "quantity" : NumberInt(87)
}
{
    "_id" : ObjectId("659e083f96be04e81d848e86"),
    "product" : "socks",
    "quantity" : NumberInt(26)
}
{
    "_id" : ObjectId("659e083f96be04e81d848ec7"),
    "product" : "socks",
    "quantity" : NumberInt(91)
}
{
    "_id" : ObjectId("659e083f96be04e81d848ec8"),
    "product" : "socks",
    "quantity" : NumberInt(92)
}
