{
    "_id" : ObjectId("659f98c8f9ee81b75bf2eb5a"),
    "plate" : NumberInt(0)
}
{
    "_id" : ObjectId("659f98dff9ee81b75bf2eb5b"),
    "plate" : NumberInt(0)
}
{
    "_id" : ObjectId("659f9902f9ee81b75bf2eb5c"),
    "plate" : NumberInt(0)
}
{
    "_id" : ObjectId("659f9927f9ee81b75bf2eb5d"),
    "plate" : NumberInt(0)
}
{
    "_id" : ObjectId("659f993df9ee81b75bf2eb5e"),
    "plate" : NumberInt(0)
}
{
    "_id" : ObjectId("659f993ef9ee81b75bf2eb5f"),
    "plate" : NumberInt(1)
}
{
    "_id" : ObjectId("659f993ef9ee81b75bf2eb60"),
    "plate" : NumberInt(2)
}
{
    "_id" : ObjectId("659f993ef9ee81b75bf2eb61"),
    "plate" : NumberInt(3)
}
{
    "_id" : ObjectId("659f993ef9ee81b75bf2eb62"),
    "plate" : NumberInt(4)
}
{
    "_id" : ObjectId("659f993ef9ee81b75bf2eb63"),
    "plate" : NumberInt(5)
}
{
    "_id" : ObjectId("659f993ef9ee81b75bf2eb64"),
    "plate" : NumberInt(6)
}
{
    "_id" : ObjectId("659f993ef9ee81b75bf2eb65"),
    "plate" : NumberInt(7)
}
{
    "_id" : ObjectId("659f993ef9ee81b75bf2eb66"),
    "plate" : NumberInt(8)
}
{
    "_id" : ObjectId("659f993ef9ee81b75bf2eb67"),
    "plate" : NumberInt(9)
}
{
    "_id" : ObjectId("659f993ef9ee81b75bf2eb68"),
    "plate" : NumberInt(10)
}
{
    "_id" : ObjectId("659f993ef9ee81b75bf2eb69"),
    "plate" : NumberInt(11)
}
{
    "_id" : ObjectId("659f993ef9ee81b75bf2eb6a"),
    "plate" : NumberInt(12)
}
{
    "_id" : ObjectId("659f993ef9ee81b75bf2eb6b"),
    "plate" : NumberInt(13)
}
{
    "_id" : ObjectId("659f993ef9ee81b75bf2eb6c"),
    "plate" : NumberInt(14)
}
{
    "_id" : ObjectId("659f993ef9ee81b75bf2eb6d"),
    "plate" : NumberInt(15)
}
{
    "_id" : ObjectId("659f993ff9ee81b75bf2eb6e"),
    "plate" : NumberInt(16)
}
{
    "_id" : ObjectId("659f993ff9ee81b75bf2eb6f"),
    "plate" : NumberInt(17)
}
{
    "_id" : ObjectId("659f993ff9ee81b75bf2eb70"),
    "plate" : NumberInt(18)
}
{
    "_id" : ObjectId("659f993ff9ee81b75bf2eb71"),
    "plate" : NumberInt(19)
}
{
    "_id" : ObjectId("659f993ff9ee81b75bf2eb72"),
    "plate" : NumberInt(20)
}
{
    "_id" : ObjectId("659f993ff9ee81b75bf2eb73"),
    "plate" : NumberInt(21)
}
{
    "_id" : ObjectId("659f993ff9ee81b75bf2eb74"),
    "plate" : NumberInt(22)
}
{
    "_id" : ObjectId("659f993ff9ee81b75bf2eb75"),
    "plate" : NumberInt(23)
}
{
    "_id" : ObjectId("659f993ff9ee81b75bf2eb76"),
    "plate" : NumberInt(24)
}
{
    "_id" : ObjectId("659f993ff9ee81b75bf2eb77"),
    "plate" : NumberInt(25)
}
{
    "_id" : ObjectId("659f993ff9ee81b75bf2eb78"),
    "plate" : NumberInt(26)
}
{
    "_id" : ObjectId("659f993ff9ee81b75bf2eb79"),
    "plate" : NumberInt(27)
}
{
    "_id" : ObjectId("659f993ff9ee81b75bf2eb7a"),
    "plate" : NumberInt(28)
}
{
    "_id" : ObjectId("659f993ff9ee81b75bf2eb7b"),
    "plate" : NumberInt(29)
}
{
    "_id" : ObjectId("659f993ff9ee81b75bf2eb7c"),
    "plate" : NumberInt(30)
}
{
    "_id" : ObjectId("659f9940f9ee81b75bf2eb7d"),
    "plate" : NumberInt(31)
}
{
    "_id" : ObjectId("659f9940f9ee81b75bf2eb7e"),
    "plate" : NumberInt(32)
}
{
    "_id" : ObjectId("659f9940f9ee81b75bf2eb7f"),
    "plate" : NumberInt(33)
}
{
    "_id" : ObjectId("659f9940f9ee81b75bf2eb80"),
    "plate" : NumberInt(34)
}
{
    "_id" : ObjectId("659f9940f9ee81b75bf2eb81"),
    "plate" : NumberInt(35)
}
{
    "_id" : ObjectId("659f9940f9ee81b75bf2eb82"),
    "plate" : NumberInt(36)
}
{
    "_id" : ObjectId("659f9940f9ee81b75bf2eb83"),
    "plate" : NumberInt(37)
}
{
    "_id" : ObjectId("659f9940f9ee81b75bf2eb84"),
    "plate" : NumberInt(38)
}
{
    "_id" : ObjectId("659f9940f9ee81b75bf2eb85"),
    "plate" : NumberInt(39)
}
{
    "_id" : ObjectId("659f9940f9ee81b75bf2eb86"),
    "plate" : NumberInt(40)
}
{
    "_id" : ObjectId("659f9940f9ee81b75bf2eb87"),
    "plate" : NumberInt(41)
}
{
    "_id" : ObjectId("659f9940f9ee81b75bf2eb88"),
    "plate" : NumberInt(42)
}
{
    "_id" : ObjectId("659f9940f9ee81b75bf2eb89"),
    "plate" : NumberInt(43)
}
{
    "_id" : ObjectId("659f9940f9ee81b75bf2eb8a"),
    "plate" : NumberInt(44)
}
{
    "_id" : ObjectId("659f9940f9ee81b75bf2eb8b"),
    "plate" : NumberInt(45)
}
{
    "_id" : ObjectId("659f9940f9ee81b75bf2eb8c"),
    "plate" : NumberInt(46)
}
{
    "_id" : ObjectId("659f9941f9ee81b75bf2eb8d"),
    "plate" : NumberInt(47)
}
{
    "_id" : ObjectId("659f9941f9ee81b75bf2eb8e"),
    "plate" : NumberInt(48)
}
{
    "_id" : ObjectId("659f9941f9ee81b75bf2eb8f"),
    "plate" : NumberInt(49)
}
{
    "_id" : ObjectId("659f9941f9ee81b75bf2eb90"),
    "plate" : NumberInt(50)
}
{
    "_id" : ObjectId("659f9941f9ee81b75bf2eb91"),
    "plate" : NumberInt(51)
}
{
    "_id" : ObjectId("659f9941f9ee81b75bf2eb92"),
    "plate" : NumberInt(52)
}
{
    "_id" : ObjectId("659f9941f9ee81b75bf2eb93"),
    "plate" : NumberInt(53)
}
{
    "_id" : ObjectId("659f9941f9ee81b75bf2eb94"),
    "plate" : NumberInt(54)
}
{
    "_id" : ObjectId("659f9941f9ee81b75bf2eb95"),
    "plate" : NumberInt(55)
}
{
    "_id" : ObjectId("659f9941f9ee81b75bf2eb96"),
    "plate" : NumberInt(56)
}
{
    "_id" : ObjectId("659f9941f9ee81b75bf2eb97"),
    "plate" : NumberInt(57)
}
{
    "_id" : ObjectId("659f9941f9ee81b75bf2eb98"),
    "plate" : NumberInt(58)
}
{
    "_id" : ObjectId("659f9941f9ee81b75bf2eb99"),
    "plate" : NumberInt(59)
}
{
    "_id" : ObjectId("659f9941f9ee81b75bf2eb9a"),
    "plate" : NumberInt(60)
}
{
    "_id" : ObjectId("659f9941f9ee81b75bf2eb9b"),
    "plate" : NumberInt(61)
}
{
    "_id" : ObjectId("659f9942f9ee81b75bf2eb9c"),
    "plate" : NumberInt(62)
}
{
    "_id" : ObjectId("659f9942f9ee81b75bf2eb9d"),
    "plate" : NumberInt(63)
}
{
    "_id" : ObjectId("659f9942f9ee81b75bf2eb9e"),
    "plate" : NumberInt(64)
}
{
    "_id" : ObjectId("659f9942f9ee81b75bf2eb9f"),
    "plate" : NumberInt(65)
}
{
    "_id" : ObjectId("659f9942f9ee81b75bf2eba0"),
    "plate" : NumberInt(66)
}
{
    "_id" : ObjectId("659f9942f9ee81b75bf2eba1"),
    "plate" : NumberInt(67)
}
{
    "_id" : ObjectId("659f9942f9ee81b75bf2eba2"),
    "plate" : NumberInt(68)
}
{
    "_id" : ObjectId("659f9942f9ee81b75bf2eba3"),
    "plate" : NumberInt(69)
}
{
    "_id" : ObjectId("659f9942f9ee81b75bf2eba4"),
    "plate" : NumberInt(70)
}
{
    "_id" : ObjectId("659f9942f9ee81b75bf2eba5"),
    "plate" : NumberInt(71)
}
{
    "_id" : ObjectId("659f9942f9ee81b75bf2eba6"),
    "plate" : NumberInt(72)
}
{
    "_id" : ObjectId("659f9942f9ee81b75bf2eba7"),
    "plate" : NumberInt(73)
}
{
    "_id" : ObjectId("659f9942f9ee81b75bf2eba8"),
    "plate" : NumberInt(74)
}
{
    "_id" : ObjectId("659f9942f9ee81b75bf2eba9"),
    "plate" : NumberInt(75)
}
{
    "_id" : ObjectId("659f9942f9ee81b75bf2ebaa"),
    "plate" : NumberInt(76)
}
{
    "_id" : ObjectId("659f9942f9ee81b75bf2ebab"),
    "plate" : NumberInt(77)
}
{
    "_id" : ObjectId("659f9943f9ee81b75bf2ebac"),
    "plate" : NumberInt(78)
}
{
    "_id" : ObjectId("659f9943f9ee81b75bf2ebad"),
    "plate" : NumberInt(79)
}
{
    "_id" : ObjectId("659f9943f9ee81b75bf2ebae"),
    "plate" : NumberInt(80)
}
{
    "_id" : ObjectId("659f9943f9ee81b75bf2ebaf"),
    "plate" : NumberInt(81)
}
{
    "_id" : ObjectId("659f9943f9ee81b75bf2ebb0"),
    "plate" : NumberInt(82)
}
{
    "_id" : ObjectId("659f9943f9ee81b75bf2ebb1"),
    "plate" : NumberInt(83)
}
{
    "_id" : ObjectId("659f9943f9ee81b75bf2ebb2"),
    "plate" : NumberInt(84)
}
{
    "_id" : ObjectId("659f9943f9ee81b75bf2ebb3"),
    "plate" : NumberInt(85)
}
{
    "_id" : ObjectId("659f9943f9ee81b75bf2ebb4"),
    "plate" : NumberInt(86)
}
{
    "_id" : ObjectId("659f9943f9ee81b75bf2ebb5"),
    "plate" : NumberInt(87)
}
{
    "_id" : ObjectId("659f9943f9ee81b75bf2ebb6"),
    "plate" : NumberInt(88)
}
{
    "_id" : ObjectId("659f9943f9ee81b75bf2ebb7"),
    "plate" : NumberInt(89)
}
{
    "_id" : ObjectId("659f9943f9ee81b75bf2ebb8"),
    "plate" : NumberInt(90)
}
{
    "_id" : ObjectId("659f9943f9ee81b75bf2ebb9"),
    "plate" : NumberInt(91)
}
{
    "_id" : ObjectId("659f9943f9ee81b75bf2ebba"),
    "plate" : NumberInt(92)
}
{
    "_id" : ObjectId("659f9943f9ee81b75bf2ebbb"),
    "plate" : NumberInt(93)
}
{
    "_id" : ObjectId("659f9944f9ee81b75bf2ebbc"),
    "plate" : NumberInt(94)
}
{
    "_id" : ObjectId("659f9944f9ee81b75bf2ebbd"),
    "plate" : NumberInt(95)
}
{
    "_id" : ObjectId("659f9944f9ee81b75bf2ebbe"),
    "plate" : NumberInt(96)
}
{
    "_id" : ObjectId("659f9944f9ee81b75bf2ebbf"),
    "plate" : NumberInt(97)
}
{
    "_id" : ObjectId("659f9944f9ee81b75bf2ebc0"),
    "plate" : NumberInt(98)
}
{
    "_id" : ObjectId("659f9944f9ee81b75bf2ebc1"),
    "plate" : NumberInt(99)
}
{
    "_id" : ObjectId("659f9944f9ee81b75bf2ebc2"),
    "plate" : NumberInt(100)
}
{
    "_id" : ObjectId("659f9944f9ee81b75bf2ebc3"),
    "plate" : NumberInt(101)
}
{
    "_id" : ObjectId("659f9944f9ee81b75bf2ebc4"),
    "plate" : NumberInt(102)
}
{
    "_id" : ObjectId("659f9944f9ee81b75bf2ebc5"),
    "plate" : NumberInt(103)
}
{
    "_id" : ObjectId("659f9944f9ee81b75bf2ebc6"),
    "plate" : NumberInt(104)
}
{
    "_id" : ObjectId("659f9944f9ee81b75bf2ebc7"),
    "plate" : NumberInt(105)
}
{
    "_id" : ObjectId("659f9944f9ee81b75bf2ebc8"),
    "plate" : NumberInt(106)
}
{
    "_id" : ObjectId("659f9944f9ee81b75bf2ebc9"),
    "plate" : NumberInt(107)
}
{
    "_id" : ObjectId("659f9944f9ee81b75bf2ebca"),
    "plate" : NumberInt(108)
}
{
    "_id" : ObjectId("659f9945f9ee81b75bf2ebcb"),
    "plate" : NumberInt(109)
}
{
    "_id" : ObjectId("659f9945f9ee81b75bf2ebcc"),
    "plate" : NumberInt(110)
}
{
    "_id" : ObjectId("659f9945f9ee81b75bf2ebcd"),
    "plate" : NumberInt(111)
}
{
    "_id" : ObjectId("659f9945f9ee81b75bf2ebce"),
    "plate" : NumberInt(112)
}
{
    "_id" : ObjectId("659f9945f9ee81b75bf2ebcf"),
    "plate" : NumberInt(113)
}
{
    "_id" : ObjectId("659f9945f9ee81b75bf2ebd0"),
    "plate" : NumberInt(114)
}
{
    "_id" : ObjectId("659f9945f9ee81b75bf2ebd1"),
    "plate" : NumberInt(115)
}
{
    "_id" : ObjectId("659f9945f9ee81b75bf2ebd2"),
    "plate" : NumberInt(116)
}
{
    "_id" : ObjectId("659f9945f9ee81b75bf2ebd3"),
    "plate" : NumberInt(117)
}
{
    "_id" : ObjectId("659f9945f9ee81b75bf2ebd4"),
    "plate" : NumberInt(118)
}
{
    "_id" : ObjectId("659f9945f9ee81b75bf2ebd5"),
    "plate" : NumberInt(119)
}
{
    "_id" : ObjectId("659f9945f9ee81b75bf2ebd6"),
    "plate" : NumberInt(120)
}
{
    "_id" : ObjectId("659f9945f9ee81b75bf2ebd7"),
    "plate" : NumberInt(121)
}
{
    "_id" : ObjectId("659f9945f9ee81b75bf2ebd8"),
    "plate" : NumberInt(122)
}
{
    "_id" : ObjectId("659f9945f9ee81b75bf2ebd9"),
    "plate" : NumberInt(123)
}
{
    "_id" : ObjectId("659f9945f9ee81b75bf2ebda"),
    "plate" : NumberInt(124)
}
{
    "_id" : ObjectId("659f9946f9ee81b75bf2ebdb"),
    "plate" : NumberInt(125)
}
{
    "_id" : ObjectId("659f9946f9ee81b75bf2ebdc"),
    "plate" : NumberInt(126)
}
{
    "_id" : ObjectId("659f9946f9ee81b75bf2ebdd"),
    "plate" : NumberInt(127)
}
{
    "_id" : ObjectId("659f9946f9ee81b75bf2ebde"),
    "plate" : NumberInt(128)
}
{
    "_id" : ObjectId("659f9946f9ee81b75bf2ebdf"),
    "plate" : NumberInt(129)
}
{
    "_id" : ObjectId("659f9946f9ee81b75bf2ebe0"),
    "plate" : NumberInt(130)
}
{
    "_id" : ObjectId("659f9946f9ee81b75bf2ebe1"),
    "plate" : NumberInt(131)
}
{
    "_id" : ObjectId("659f9946f9ee81b75bf2ebe2"),
    "plate" : NumberInt(132)
}
{
    "_id" : ObjectId("659f9946f9ee81b75bf2ebe3"),
    "plate" : NumberInt(133)
}
{
    "_id" : ObjectId("659f9946f9ee81b75bf2ebe4"),
    "plate" : NumberInt(134)
}
{
    "_id" : ObjectId("659f9946f9ee81b75bf2ebe5"),
    "plate" : NumberInt(135)
}
{
    "_id" : ObjectId("659f9946f9ee81b75bf2ebe6"),
    "plate" : NumberInt(136)
}
{
    "_id" : ObjectId("659f9946f9ee81b75bf2ebe7"),
    "plate" : NumberInt(137)
}
{
    "_id" : ObjectId("659f9946f9ee81b75bf2ebe8"),
    "plate" : NumberInt(138)
}
{
    "_id" : ObjectId("659f9946f9ee81b75bf2ebe9"),
    "plate" : NumberInt(139)
}
{
    "_id" : ObjectId("659f9946f9ee81b75bf2ebea"),
    "plate" : NumberInt(140)
}
{
    "_id" : ObjectId("659f9947f9ee81b75bf2ebeb"),
    "plate" : NumberInt(141)
}
{
    "_id" : ObjectId("659f9947f9ee81b75bf2ebec"),
    "plate" : NumberInt(142)
}
{
    "_id" : ObjectId("659f9947f9ee81b75bf2ebed"),
    "plate" : NumberInt(143)
}
{
    "_id" : ObjectId("659f9947f9ee81b75bf2ebee"),
    "plate" : NumberInt(144)
}
{
    "_id" : ObjectId("659f9947f9ee81b75bf2ebef"),
    "plate" : NumberInt(145)
}
{
    "_id" : ObjectId("659f9947f9ee81b75bf2ebf0"),
    "plate" : NumberInt(146)
}
{
    "_id" : ObjectId("659f9947f9ee81b75bf2ebf1"),
    "plate" : NumberInt(147)
}
{
    "_id" : ObjectId("659f9947f9ee81b75bf2ebf2"),
    "plate" : NumberInt(148)
}
{
    "_id" : ObjectId("659f9947f9ee81b75bf2ebf3"),
    "plate" : NumberInt(149)
}
{
    "_id" : ObjectId("659f9947f9ee81b75bf2ebf4"),
    "plate" : NumberInt(150)
}
{
    "_id" : ObjectId("659f9947f9ee81b75bf2ebf5"),
    "plate" : NumberInt(151)
}
{
    "_id" : ObjectId("659f9947f9ee81b75bf2ebf6"),
    "plate" : NumberInt(152)
}
{
    "_id" : ObjectId("659f9947f9ee81b75bf2ebf7"),
    "plate" : NumberInt(153)
}
{
    "_id" : ObjectId("659f9947f9ee81b75bf2ebf8"),
    "plate" : NumberInt(154)
}
{
    "_id" : ObjectId("659f9947f9ee81b75bf2ebf9"),
    "plate" : NumberInt(155)
}
{
    "_id" : ObjectId("659f9948f9ee81b75bf2ebfa"),
    "plate" : NumberInt(156)
}
{
    "_id" : ObjectId("659f9948f9ee81b75bf2ebfb"),
    "plate" : NumberInt(157)
}
{
    "_id" : ObjectId("659f9948f9ee81b75bf2ebfc"),
    "plate" : NumberInt(158)
}
{
    "_id" : ObjectId("659f9948f9ee81b75bf2ebfd"),
    "plate" : NumberInt(159)
}
{
    "_id" : ObjectId("659f9948f9ee81b75bf2ebfe"),
    "plate" : NumberInt(160)
}
{
    "_id" : ObjectId("659f9948f9ee81b75bf2ebff"),
    "plate" : NumberInt(161)
}
{
    "_id" : ObjectId("659f9948f9ee81b75bf2ec00"),
    "plate" : NumberInt(162)
}
{
    "_id" : ObjectId("659f9948f9ee81b75bf2ec01"),
    "plate" : NumberInt(163)
}
{
    "_id" : ObjectId("659f9948f9ee81b75bf2ec02"),
    "plate" : NumberInt(164)
}
{
    "_id" : ObjectId("659f9948f9ee81b75bf2ec03"),
    "plate" : NumberInt(165)
}
{
    "_id" : ObjectId("659f9948f9ee81b75bf2ec04"),
    "plate" : NumberInt(166)
}
{
    "_id" : ObjectId("659f9948f9ee81b75bf2ec05"),
    "plate" : NumberInt(167)
}
{
    "_id" : ObjectId("659f9948f9ee81b75bf2ec06"),
    "plate" : NumberInt(168)
}
{
    "_id" : ObjectId("659f9948f9ee81b75bf2ec07"),
    "plate" : NumberInt(169)
}
{
    "_id" : ObjectId("659f9948f9ee81b75bf2ec08"),
    "plate" : NumberInt(170)
}
{
    "_id" : ObjectId("659f9948f9ee81b75bf2ec09"),
    "plate" : NumberInt(171)
}
{
    "_id" : ObjectId("659f9949f9ee81b75bf2ec0a"),
    "plate" : NumberInt(172)
}
{
    "_id" : ObjectId("659f9949f9ee81b75bf2ec0b"),
    "plate" : NumberInt(173)
}
{
    "_id" : ObjectId("659f9949f9ee81b75bf2ec0c"),
    "plate" : NumberInt(174)
}
{
    "_id" : ObjectId("659f9949f9ee81b75bf2ec0d"),
    "plate" : NumberInt(175)
}
{
    "_id" : ObjectId("659f9949f9ee81b75bf2ec0e"),
    "plate" : NumberInt(176)
}
{
    "_id" : ObjectId("659f9949f9ee81b75bf2ec0f"),
    "plate" : NumberInt(177)
}
{
    "_id" : ObjectId("659f9949f9ee81b75bf2ec10"),
    "plate" : NumberInt(178)
}
{
    "_id" : ObjectId("659f9949f9ee81b75bf2ec11"),
    "plate" : NumberInt(179)
}
{
    "_id" : ObjectId("659f9949f9ee81b75bf2ec12"),
    "plate" : NumberInt(180)
}
{
    "_id" : ObjectId("659f9949f9ee81b75bf2ec13"),
    "plate" : NumberInt(181)
}
{
    "_id" : ObjectId("659f9949f9ee81b75bf2ec14"),
    "plate" : NumberInt(182)
}
{
    "_id" : ObjectId("659f9949f9ee81b75bf2ec15"),
    "plate" : NumberInt(183)
}
{
    "_id" : ObjectId("659f9949f9ee81b75bf2ec16"),
    "plate" : NumberInt(184)
}
{
    "_id" : ObjectId("659f9949f9ee81b75bf2ec17"),
    "plate" : NumberInt(185)
}
{
    "_id" : ObjectId("659f9949f9ee81b75bf2ec18"),
    "plate" : NumberInt(186)
}
{
    "_id" : ObjectId("659f994af9ee81b75bf2ec19"),
    "plate" : NumberInt(187)
}
{
    "_id" : ObjectId("659f994af9ee81b75bf2ec1a"),
    "plate" : NumberInt(188)
}
{
    "_id" : ObjectId("659f994af9ee81b75bf2ec1b"),
    "plate" : NumberInt(189)
}
{
    "_id" : ObjectId("659f994af9ee81b75bf2ec1c"),
    "plate" : NumberInt(190)
}
{
    "_id" : ObjectId("659f994af9ee81b75bf2ec1d"),
    "plate" : NumberInt(191)
}
{
    "_id" : ObjectId("659f994af9ee81b75bf2ec1e"),
    "plate" : NumberInt(192)
}
{
    "_id" : ObjectId("659f994af9ee81b75bf2ec1f"),
    "plate" : NumberInt(193)
}
{
    "_id" : ObjectId("659f994af9ee81b75bf2ec20"),
    "plate" : NumberInt(194)
}
{
    "_id" : ObjectId("659f994af9ee81b75bf2ec21"),
    "plate" : NumberInt(195)
}
{
    "_id" : ObjectId("659f994af9ee81b75bf2ec22"),
    "plate" : NumberInt(196)
}
{
    "_id" : ObjectId("659f994af9ee81b75bf2ec23"),
    "plate" : NumberInt(197)
}
{
    "_id" : ObjectId("659f994af9ee81b75bf2ec24"),
    "plate" : NumberInt(198)
}
{
    "_id" : ObjectId("659f994af9ee81b75bf2ec25"),
    "plate" : NumberInt(199)
}
